Country,"Density
P/Km2",Abbreviation,Agricultural_Land_pct,Land_AreaKm2,Armed_Forces_size,Birth_Rate,Calling_Code,Capital/Major_City,Co2-Emissions,CPI,CPI_Change_pct,Currency-Code,Fertility_Rate,Forested_Area_pct,Gasoline_Price,GDP,Gross_primary_education_enrollment_pct,Gross_tertiary_education_enrollment_pct,Infant_mortality,Largest_city,Life_expectancy,Maternal_mortality_ratio,Minimum_wage,Official_language,Out_of_pocket_health_expenditure,Physicians_per_thousand,Population,Population_Labor_force_participation_pct,Tax_revenue_pct,Total_tax_rate,Unemployment_rate,Urban_population,Latitude,Longitude,Population_Density_Derived,Urbanization_Rate_pct,GDP_per_Capita
Afghanistan,60,AF,58.1,652230.0,"323,000",32.49,93.0,Kabul,8672.0,149.9,2.3,AFN,4.47,2.1,$0.70 ,19101353833.0,104.0,9.7,47.9,Kabul,64.5,638.0,$0.43 ,Pashto,78.4,0.28,38041754.0,48.9,9.3,71.4,11.12,9797273.0,33.93911,67.709953,58.325673458749215,25.753999145254973,502.11548691997746
Albania,105,AL,43.1,28748.0,"9,000",11.78,355.0,Tirana,4536.0,119.05,1.4,ALL,1.62,28.1,$1.36 ,15278077447.0,107.0,55.0,7.8,Tirana,78.5,15.0,$1.12 ,Albanian,56.9,1.2,2854191.0,55.7,18.6,36.6,12.33,1747593.0,41.153332,20.168331,99.28311534715459,61.22901375556155,5352.857411084262
Algeria,18,DZ,17.4,2381741.0,"317,000",24.28,213.0,Algiers,150006.0,151.36,2.0,DZD,3.02,0.8,$0.28 ,169988236398.0,109.9,51.4,20.1,Algiers,76.7,112.0,$0.95 ,Arabic,28.1,1.72,43053054.0,41.2,37.2,66.1,11.7,31510100.0,28.033886,1.659626,18.07629544942124,73.18900071525704,3948.3432789227913
Andorra,164,AD,40.0,468.0,,7.2,376.0,Andorra la Vella,469.0,,,EUR,1.27,34.0,$1.51 ,3154057987.0,106.4,,2.7,Andorra la Vella,,,$6.63 ,Catalan,36.4,3.33,77142.0,,,,,67873.0,42.506285,1.521801,164.83333333333334,87.98449612403101,40886.39116175365
Angola,26,AO,47.5,1246700.0,"117,000",40.73,244.0,Luanda,34693.0,261.73,17.1,AOA,5.52,46.3,$0.97 ,94635415870.0,113.5,9.3,51.6,Luanda,60.8,241.0,$0.71 ,Portuguese,33.4,0.21,31825295.0,77.5,9.2,49.1,6.89,21061025.0,-11.202692,17.873887,25.527628940402664,66.17699851643167,2973.591159799147
Antigua and Barbuda,223,AG,20.5,443.0,0,15.33,1.0,"St. John's, Saint John",557.0,113.81,1.2,XCD,1.99,22.3,$0.99 ,1727759259.0,105.0,24.8,5.0,"St. John's, Saint John",76.9,42.0,$3.04 ,English,24.3,2.76,97118.0,,16.5,43.0,,23800.0,17.060816,-61.796428,219.22799097065462,24.506270722214214,17790.309304145474
Argentina,17,AR,54.3,2780400.0,"105,000",17.02,54.0,Buenos Aires,201348.0,232.75,53.5,ARS,2.26,9.8,$1.10 ,449663446954.0,109.7,90.0,8.8,Buenos Aires,76.5,39.0,$3.35 ,Spanish,17.6,3.96,44938712.0,61.3,10.1,106.3,9.79,41339571.0,-38.416097,-63.616672,16.162678751258813,91.99100098819032,10006.148973606541
Armenia,104,AM,58.9,29743.0,"49,000",13.99,374.0,Yerevan,5156.0,129.18,1.4,AMD,1.76,11.7,$0.77 ,13672802158.0,92.7,54.6,11.0,Yerevan,74.9,26.0,$0.66 ,Armenian,81.6,4.4,2957731.0,55.6,20.9,22.6,16.99,1869848.0,40.069099,45.038189,99.44292774770534,63.219001322297395,4622.733493343377
Australia,3,AU,48.2,7741220.0,"58,000",12.6,61.0,Canberra,375908.0,119.8,1.6,AUD,1.74,16.3,$0.93 ,1392680589329.0,100.3,113.1,3.1,Sydney,82.7,6.0,$13.59 ,,19.6,3.68,25766605.0,65.5,23.0,47.4,5.27,21844756.0,-25.274398,133.775136,3.328494087495253,84.77933355985392,54049.8288124881
Austria,109,AT,32.4,83871.0,"21,000",9.7,43.0,Vienna,61448.0,118.06,1.5,EUR,1.47,46.9,$1.20 ,446314739528.0,103.1,85.1,2.9,Vienna,81.6,5.0,,German,17.9,5.17,8877067.0,60.7,25.4,51.4,4.67,5194416.0,47.516231,14.550072,105.84191198388001,58.51500275935734,50277.27508736838
Azerbaijan,123,AZ,57.7,86600.0,"82,000",14.0,994.0,Baku,37620.0,156.32,2.6,AZN,1.73,14.1,$0.56 ,39207000000.0,99.7,27.7,19.2,Baku,72.9,26.0,$0.47 ,Azerbaijani language,78.6,3.45,10023318.0,66.5,13.0,40.7,5.51,5616165.0,40.143105,47.576927,115.74270207852194,56.03099692137873,3911.5789801341234
The Bahamas,39,BS,1.4,13880.0,"1,000",13.97,1.0,"Nassau, Bahamas",1786.0,116.22,2.5,,1.75,51.4,$0.92 ,12827000000.0,81.4,15.1,8.3,"Nassau, Bahamas",73.8,70.0,$5.25 ,English,27.8,1.94,389482.0,74.6,14.8,33.8,10.36,323784.0,25.03428,-77.39628,28.060662824207494,83.13195475015533,32933.48601475806
Bahrain,"2,239",BH,11.1,765.0,"19,000",13.99,973.0,Manama,31694.0,117.59,2.1,BHD,1.99,0.8,$0.43 ,38574069149.0,99.4,50.5,6.1,Riffa,77.2,14.0,,Arabic,25.1,0.93,1501635.0,73.4,4.2,13.8,0.71,1467109.0,26.0667,50.5577,1962.921568627451,97.7007728242882,25688.046129052665
Bangladesh,"1,265",BD,70.6,148460.0,"221,000",18.18,880.0,Dhaka,84246.0,179.68,5.6,BDT,2.04,11.0,$1.12 ,302571254131.0,116.5,20.6,25.1,Dhaka,72.3,173.0,$0.51 ,Bengali,71.8,0.58,167310838.0,59.0,8.8,33.4,4.19,60987417.0,23.684994,90.356331,1126.975872288832,36.45156388494091,1808.4378618138294
Barbados,668,BB,23.3,430.0,"1,000",10.65,1.0,Bridgetown,1276.0,134.09,4.1,BBD,1.62,14.7,$1.81 ,5209000000.0,99.4,65.4,11.3,Bridgetown,79.1,27.0,$3.13 ,English,45.2,2.48,287025.0,65.2,27.5,35.6,10.33,89431.0,13.193887,-59.543198,667.5,31.15791307377406,18148.24492640014
Belarus,47,BY,42.0,207600.0,"155,000",9.9,375.0,Minsk,58280.0,,5.6,BYN,1.45,42.6,$0.60 ,63080457023.0,100.5,87.4,2.6,Minsk,74.2,2.0,$1.49 ,Russian,34.5,5.19,9466856.0,64.1,14.7,53.3,4.59,7482982.0,53.709807,27.953389,45.60142581888247,79.04400362696971,6663.295292861749
Belgium,383,BE,44.6,30528.0,"32,000",10.3,32.0,City of Brussels,96889.0,117.11,1.4,EUR,1.62,22.6,$1.43 ,529606710418.0,103.9,79.7,2.9,Brussels,81.6,5.0,$10.31 ,French,17.6,3.07,11484055.0,53.6,24.0,55.4,5.59,11259082.0,50.503887,4.469936,376.1810469077568,98.04099684301407,46116.699233676605
Belize,17,BZ,7.0,22966.0,"2,000",20.79,501.0,Belmopan,568.0,105.68,-0.9,BZD,2.31,59.7,$1.13 ,1879613600.0,111.7,24.7,11.2,Belize City,74.5,36.0,$1.65 ,English,22.7,1.12,390353.0,65.1,26.3,31.1,6.41,179039.0,17.189877,-88.49765,16.99699555865192,45.865921358360254,4815.163710795101
Benin,108,BJ,33.3,112622.0,"12,000",36.22,229.0,Porto-Novo,6476.0,110.71,-0.9,XOF,4.84,37.8,$0.72 ,14390709095.0,122.0,12.3,60.5,Cotonou,61.5,397.0,$0.39 ,French,40.5,0.08,11801151.0,70.9,10.8,48.9,2.23,5648149.0,9.30769,2.315834,104.78548596189022,47.86100101591785,1219.4326718639563
Bhutan,20,BT,13.6,38394.0,"6,000",17.26,975.0,Thimphu,1261.0,167.18,2.7,,1.98,72.5,$0.98 ,2446674101.0,100.1,15.6,24.8,Thimphu,71.5,183.0,$0.32 ,Dzongkha,19.8,0.42,727145.0,66.7,16.0,35.3,2.34,317538.0,27.514162,90.433601,18.939026931291348,43.6691443934841,3364.767826224481
Bolivia,11,BO,34.8,1098581.0,"71,000",21.75,591.0,Sucre,21606.0,148.32,1.8,BOB,2.73,50.3,$0.71 ,40895322865.0,98.2,,21.8,Santa Cruz de la Sierra,71.2,155.0,$1.36 ,Spanish,25.9,1.59,11513100.0,71.8,17.0,83.7,3.5,8033035.0,-16.290154,-63.588653,10.479973711542435,69.77299771564566,3552.068762105775
Bosnia and Herzegovina,64,BA,43.1,51197.0,"11,000",8.11,387.0,Sarajevo,21848.0,104.9,0.6,BAM,1.27,42.7,$1.05 ,20047848435.0,,23.3,5.0,Tuzla Canton,77.3,10.0,$1.04 ,Bosnian,28.6,2.16,3301000.0,46.4,20.4,23.7,18.42,1605144.0,43.915886,17.679076,64.47643416606442,48.62599212359891,6073.265202968797
Botswana,4,BW,45.6,581730.0,"9,000",24.82,267.0,Gaborone,6340.0,149.75,2.8,BWP,2.87,18.9,$0.71 ,18340510789.0,103.2,24.9,30.0,Gaborone,69.3,144.0,$0.29 ,English,5.3,0.37,2346179.0,70.8,19.5,25.1,18.19,1616550.0,-22.328474,24.684866,4.033106423942379,68.9013924342516,7817.1830832174355
Brazil,25,BR,33.9,8515770.0,"730,000",13.92,55.0,Bras���,462299.0,167.4,3.7,BRL,1.73,58.9,$1.02 ,1839758040766.0,115.4,51.3,12.8,S����,75.7,60.0,$1.53 ,Portuguese,28.3,2.15,212559417.0,63.9,14.2,65.1,12.08,183241641.0,-14.235004,-51.92528,24.960680830975942,86.20725611041735,8655.264804221777
Brunei,83,BN,2.7,5765.0,"8,000",14.9,673.0,Bandar Seri Begawan,7664.0,99.03,-0.4,BND,1.85,72.1,$0.37 ,13469422941.0,103.2,31.4,9.8,,75.7,31.0,,Malay,6.0,1.61,433285.0,64.7,,8.0,9.12,337711.0,4.535277,114.727669,75.15784908933217,77.94200122321335,31086.751078389512
Bulgaria,64,BG,46.3,110879.0,"31,000",8.9,359.0,Sofia,41708.0,114.42,3.1,BGN,1.56,35.4,$1.11 ,86000000000.0,89.3,71.0,5.9,Sofia,74.9,10.0,$1.57 ,Bulgarian,47.7,4.03,6975761.0,55.4,20.2,28.3,4.34,5256027.0,42.733883,25.48583,62.913274831122216,75.34700515112259,12328.404026456756
Burkina Faso,76,BF,44.2,274200.0,"11,000",37.93,226.0,Ouagadougou,3418.0,106.58,-3.2,XOF,5.19,19.3,$0.98 ,15745810235.0,96.1,6.5,49.0,Ouagadougou,61.2,320.0,$0.34 ,French,36.1,0.08,20321378.0,66.4,15.0,41.3,6.26,6092349.0,12.238333,-1.561593,74.11151714077316,29.97999938783679,774.8396902513206
Burundi,463,BI,79.2,27830.0,"31,000",39.01,257.0,Bujumbura,495.0,182.11,-0.7,BIF,5.41,10.9,$1.21 ,3012334882.0,121.4,6.1,41.0,Bujumbura,61.2,548.0,,Kirundi,19.1,0.1,11530580.0,79.2,13.6,41.2,1.43,1541177.0,-3.373056,29.918886,414.32195472511677,13.365997200487747,261.24747254691437
Ivory Coast,83,CI,64.8,322463.0,"27,000",35.74,225.0,Yamoussoukro,9674.0,111.61,-0.9,XOF,4.65,32.7,$0.93 ,58792205642.0,99.8,9.3,59.4,Abidjan,57.4,617.0,$0.36 ,French,36.0,0.23,25716544.0,57.0,11.8,50.1,3.32,13176900.0,7.539989,-5.54708,79.75037136043515,51.23900007714878,2286.16277684902
Cape Verde,138,CV,19.6,4033.0,"1,000",19.49,238.0,Praia,543.0,110.5,1.1,CVE,2.27,22.5,$1.02 ,1981845741.0,104.0,23.6,16.7,Praia,72.8,58.0,$0.68 ,Portuguese,23.2,0.77,483628.0,60.5,20.1,37.5,12.25,364029.0,16.5388,-23.0418,119.91767914703695,75.27045580487483,4097.872209632196
Cambodia,95,KH,30.9,181035.0,"191,000",22.46,855.0,Phnom Penh,9919.0,127.63,2.5,,2.5,52.9,$0.90 ,27089389787.0,107.4,13.7,24.0,Phnom Penh,69.6,160.0,,Khmer language,59.4,0.17,16486542.0,82.3,17.1,23.1,0.68,3924621.0,12.565679,104.990963,91.06825751926424,23.80499804021971,1643.121388766668
Cameroon,56,CM,20.6,475440.0,"24,000",35.39,237.0,Yaound�,8291.0,118.65,2.5,XAF,4.57,39.3,$1.03 ,38760467033.0,103.4,12.8,50.6,Douala,58.9,529.0,$0.35 ,French,69.7,0.09,25876380.0,76.1,12.8,57.7,3.38,14741256.0,7.369722,12.354722,54.42617364967188,56.96799938785874,1497.90917558793
Canada,4,CA,6.9,9984670.0,"72,000",10.1,1.0,Ottawa,544894.0,116.76,1.9,CAD,1.5,38.2,$0.81 ,1736425629520.0,100.9,68.9,4.3,Toronto,81.9,10.0,$9.51 ,French,14.6,2.61,36991981.0,65.1,12.8,24.5,5.56,30628482.0,56.130366,-106.346771,3.704877677479576,82.79762578814041,46940.59584210967
Central African Republic,8,CF,8.2,622984.0,"8,000",35.35,236.0,Bangui,297.0,186.86,37.1,,4.72,35.6,$1.41 ,2220307369.0,102.0,3.0,84.5,Bangui,52.8,829.0,$0.37 ,French,39.6,0.06,4745185.0,72.0,8.6,73.3,3.68,1982064.0,6.611111,20.939444,7.61686495961373,41.770004752185635,467.90744070041524
Chad,13,TD,39.7,1284000.0,"35,000",42.17,235.0,N'Djamena,1016.0,117.7,-1.0,XAF,5.75,3.8,$0.78 ,11314951343.0,86.8,3.3,71.4,N'Djamena,54.0,1140.0,$0.60 ,French,56.4,0.04,15946876.0,70.7,,63.5,1.89,3712273.0,15.454166,18.732207,12.419685358255451,23.278998344252503,709.5403101522832
Chile,26,CL,21.2,756096.0,"122,000",12.43,56.0,Santiago,85822.0,131.91,2.6,CLP,1.65,24.3,$1.03 ,282318159745.0,101.4,88.5,6.2,Santiago,80.0,13.0,$2.00 ,Spanish,32.2,2.59,18952038.0,62.6,18.2,34.0,7.09,16610135.0,-35.675147,-71.542969,25.065650393600812,87.6430017711024,14896.453866597354
China,153,CN,56.2,9596960.0,"2,695,000",10.9,86.0,Beijing,9893038.0,125.08,2.9,CNY,1.69,22.4,$0.96 ,19910000000000.0,100.2,50.6,7.4,Shanghai,77.0,29.0,$0.87 ,Standard Chinese,32.4,1.98,1397715000.0,68.0,9.4,59.2,4.32,842933962.0,35.86166,104.195397,145.64143228689085,60.30799998569093,14244.677920749224
Colombia,46,CO,40.3,1138910.0,"481,000",14.88,57.0,Bogot�,97814.0,140.95,3.5,COP,1.81,52.7,$0.68 ,323802808108.0,114.5,55.3,12.2,Bogot�,77.1,83.0,$1.23 ,Spanish,18.3,2.18,50339443.0,68.8,14.4,71.2,9.71,40827302.0,4.570868,-74.297333,44.19966722568069,81.10400029654679,6432.387583390623
Comoros,467,KM,71.5,2235.0,,31.88,269.0,"Moroni, Comoros",202.0,103.62,-4.3,KMF,4.21,19.7,,1185728677.0,99.5,9.0,51.3,"Moroni, Comoros",64.1,273.0,$0.71 ,French,74.8,0.27,850886.0,43.3,,219.6,4.34,248152.0,-11.6455,43.3333,380.7096196868009,29.163953808148214,1393.522371974624
Republic of the Congo,16,,31.1,342000.0,"12,000",32.86,242.0,Brazzaville,3282.0,124.74,2.2,XAF,4.43,65.4,$0.97 ,10820591131.0,106.6,12.7,36.2,Brazzaville,64.3,378.0,$0.88 ,French,43.8,0.12,5380508.0,69.4,9.0,54.3,9.47,3625010.0,-0.228021,15.827659,15.732479532163742,67.37300641500765,2011.0723989259006
Costa Rica,100,CR,34.5,51100.0,"10,000",13.97,506.0,San Jos������,8023.0,128.85,2.1,CRC,1.75,54.6,$0.98 ,61773944174.0,113.3,55.2,7.6,San Jos������,80.1,27.0,$1.84 ,Spanish,21.5,2.89,5047561.0,62.1,13.6,58.3,11.85,4041885.0,9.748917,-83.753428,98.77810176125244,80.07600106269147,12238.374964463035
Croatia,73,HR,27.6,56594.0,"18,000",9.0,385.0,Zagreb,17488.0,109.82,0.8,HRK,1.47,34.4,$1.26 ,60415553039.0,96.5,67.9,4.0,Zagreb,78.1,8.0,$2.92 ,Croatian,15.2,3.0,4067500.0,51.2,22.0,20.5,6.93,2328318.0,45.1,15.2,71.87157649220765,57.24199139520591,14853.239837492318
Cuba,106,CU,59.9,110860.0,"76,000",10.17,53.0,Havana,28284.0,,,CUP,1.62,31.3,$1.40 ,100023000000.0,101.9,41.4,3.7,Havana,78.7,36.0,$0.05 ,Spanish,,8.42,11333483.0,53.6,,,1.64,8739135.0,21.521757,-77.781167,102.23239220638644,77.10899641354736,8825.442275777004
Cyprus,131,CY,12.2,9251.0,"16,000",10.46,357.0,Nicosia,6626.0,102.51,0.3,EUR,1.33,18.7,$1.23 ,24564647935.0,99.3,75.9,1.9,Statos�������,80.8,6.0,,Greek,43.9,1.95,1198575.0,63.1,24.5,22.4,7.27,800708.0,35.126413,33.429859,129.5616690087558,66.80499760131823,20494.87761299877
Czech Republic,139,CZ,45.2,78867.0,"23,000",10.7,420.0,Prague,102218.0,116.48,2.8,CZK,1.69,34.6,$1.17 ,246489245495.0,100.7,64.1,2.7,Prague,79.0,3.0,$3.00 ,Czech,14.8,4.12,10669709.0,60.6,14.9,46.1,1.93,7887156.0,49.817492,15.472962,135.28736987586697,73.92100384368496,23101.777704996453
Democratic Republic of the Congo,40,CD,11.6,2344858.0,"134,000",41.18,243.0,Kinshasa,2021.0,133.85,2.9,CDF,5.92,67.2,$1.49 ,47319624204.0,108.0,6.6,68.2,Kinshasa,60.4,473.0,$0.18 ,French,37.4,0.07,86790567.0,63.5,10.7,50.7,4.24,39095679.0,-4.038333,21.758664,37.01314407951356,45.046000217972995,545.2162123102618
Denmark,137,DK,62.0,43094.0,"15,000",10.6,45.0,Copenhagen,31786.0,110.35,0.8,DKK,1.73,14.7,$1.55 ,348078018464.0,101.3,80.6,3.6,Copenhagen,81.0,4.0,,Danish,13.7,4.01,5818553.0,62.2,32.4,23.8,4.91,5119978.0,56.26392,9.501785,135.02002598969693,87.99400813226244,59822.092960913134
Djibouti,43,DJ,73.4,23200.0,"13,000",21.47,253.0,Djibouti City,620.0,120.25,3.3,DJF,2.73,0.2,$1.32 ,3318716359.0,75.3,5.3,49.8,Djibouti City,66.6,248.0,,French,20.4,0.22,973560.0,60.2,,37.9,10.3,758549.0,11.825138,42.590275,41.963793103448275,77.91497185586918,3408.8462539545585
Dominica,96,DM,33.3,751.0,,12.0,1.0,Roseau,180.0,103.87,1.0,XCD,1.9,57.4,,596033333.0,114.7,7.2,32.9,Roseau,76.6,,$1.48 ,English,28.4,1.08,71808.0,,22.1,32.6,,50830.0,15.414999,-61.370976,95.61651131824235,70.78598484848484,8300.375069630125
Dominican Republic,225,DO,48.7,48670.0,"71,000",19.51,1.0,Santo Domingo,25258.0,135.5,1.8,DOP,2.35,41.7,$1.07 ,88941298258.0,105.7,59.9,24.1,Santo Domingo,73.9,95.0,$0.40 ,Spanish,43.7,1.56,10738958.0,64.3,13.0,48.8,5.84,8787475.0,18.735693,-70.162651,220.6484076433121,81.82800416949205,8282.11622189043
Ecuador,71,EC,22.2,283561.0,"41,000",19.72,593.0,Quito,41155.0,124.14,0.3,USD,2.43,50.2,$0.61 ,107435665000.0,103.3,44.9,12.2,Quito,76.8,59.0,$2.46 ,Spanish,43.7,2.04,17373662.0,68.0,,34.4,3.97,11116711.0,-1.831239,-78.183406,61.26957515314165,63.985997885765244,6183.823824821733
Egypt,103,EG,3.8,1001450.0,"836,000",26.38,20.0,Cairo,238560.0,288.57,9.2,EGP,3.33,0.1,$0.40 ,303175127598.0,106.3,35.2,18.1,Cairo,71.8,37.0,,Modern Standard Arabic,62.0,0.45,100388073.0,46.4,12.5,44.4,10.76,42895824.0,26.820553,30.802498,100.24272105447102,42.73000040552626,3020.0313497202005
El Salvador,313,SV,76.4,21041.0,"42,000",18.25,503.0,San Salvador,7169.0,111.23,0.1,,2.04,12.6,$0.83 ,27022640000.0,94.8,29.4,11.8,San Salvador,73.1,46.0,$0.50 ,Spanish,27.9,1.57,6453553.0,59.1,18.1,36.4,4.11,4694702.0,13.794185,-88.89653,306.7132265576731,72.74600518505078,4187.250031106896
Equatorial Guinea,50,GQ,10.1,28051.0,"1,000",33.24,240.0,Malabo,5655.0,124.35,1.2,XAF,4.51,55.5,,11026774945.0,61.8,1.9,62.6,Malabo,58.4,301.0,$1.05 ,Spanish,72.0,0.4,1355986.0,62.0,6.1,79.4,6.43,984812.0,1.650801,10.267895,48.34002352857296,72.62700352363521,8131.92388785725
Eritrea,35,ER,75.2,117600.0,"202,000",30.3,291.0,Asmara,711.0,,,ERN,4.06,14.9,$2.00 ,2065001626.0,68.4,3.4,31.3,Asmara,65.9,480.0,,Tigrinya,52.4,0.06,6333135.0,78.4,,83.7,5.14,1149670.0,15.179384,39.782334,53.853188775510205,18.153252693965943,326.0630992391604
Estonia,31,EE,23.1,45228.0,"6,000",10.9,372.0,Tallinn,16590.0,122.14,2.3,EUR,1.59,51.3,$1.14 ,31386949981.0,97.2,69.6,2.1,Tallinn,78.2,9.0,$3.14 ,Estonian,22.8,4.48,1331824.0,63.6,20.9,47.8,5.11,916024.0,58.595272,25.013607,29.44689130627045,68.7796585735052,23566.890205462583
Eswatini,67,,,17364.0,,,268.0,Mbabane,,,,,,,,3791304348.0,,,,Mbabane,,,,English,11.3,,1093238.0,,28.6,,,,-26.522503,31.465866,62.960032250633496,,3467.9588049445774
Ethiopia,115,ET,36.3,1104300.0,"138,000",32.34,251.0,Addis Ababa,14870.0,143.86,15.8,ETB,4.25,12.5,$0.75 ,96107662398.0,101.0,8.1,39.1,Addis Ababa,66.2,401.0,,Amharic,37.8,0.08,112078730.0,79.6,7.5,37.7,2.08,23788710.0,9.145,40.489673,101.49300914606538,21.22499960518825,857.5013510413618
Fiji,49,FJ,23.3,18274.0,"4,000",21.28,679.0,Suva,2046.0,132.3,1.8,FJD,2.77,55.9,$0.82 ,5535548972.0,106.4,16.1,21.6,Suva,67.3,34.0,$1.28 ,Fiji Hindi,21.4,0.84,889953.0,57.6,24.2,32.1,4.1,505048.0,-17.713371,178.065032,48.700503447521065,56.74996320030383,6220.046420428944
Finland,18,FI,7.5,338145.0,"25,000",8.6,358.0,Helsinki,45871.0,112.33,1.0,EUR,1.41,73.1,$1.45 ,268761201365.0,100.2,88.2,1.4,Helsinki,81.7,3.0,,Swedish,19.9,3.81,5520314.0,59.1,20.8,36.6,6.59,4716888.0,61.92411,25.748151,16.325286489523727,85.44600904948523,48685.853986747854
France,119,FR,52.4,643801.0,"307,000",11.3,33.0,Paris,303276.0,110.05,1.1,EUR,1.88,31.2,$1.39 ,2715518274227.0,102.5,65.6,3.4,Paris,82.5,8.0,$11.16 ,French,6.8,3.27,67059887.0,55.1,24.2,60.7,8.43,54123364.0,46.227638,2.213749,104.16244615960522,80.70899970350382,40493.9285720389
Gabon,9,GA,20.0,267667.0,"7,000",31.61,241.0,Libreville,5321.0,122.19,2.1,XAF,3.97,90.0,$0.92 ,16657960228.0,139.9,8.3,32.7,Libreville,66.2,252.0,$1.46 ,French,25.9,0.68,2172579.0,52.9,10.2,47.1,20.0,1949694.0,-0.803689,11.609444,8.116723391378093,89.7409944586595,7667.366861228061
The Gambia,239,GM,59.8,11300.0,"1,000",38.54,220.0,Banjul,532.0,172.73,7.1,GMD,5.22,48.4,$1.18 ,1763819048.0,98.0,2.7,39.0,Serekunda,61.7,597.0,$0.13 ,English,20.3,0.1,2347706.0,59.4,9.4,48.4,9.06,1453958.0,13.443182,-15.310139,207.761592920354,61.931008397133205,751.2946885172164
Georgia,57,GE,34.5,69700.0,"26,000",13.47,995.0,Tbilisi,10128.0,133.61,4.9,GEL,2.06,40.6,$0.76 ,17743195770.0,98.6,63.9,8.7,Tbilisi,73.6,25.0,$0.05 ,Georgian,57.3,7.12,3720382.0,68.3,21.7,9.9,14.4,2196476.0,42.315407,43.356892,53.377073170731705,59.038991157359646,4769.18654320981
Germany,240,DE,47.7,357022.0,"180,000",9.5,49.0,Berlin,727973.0,112.85,1.4,EUR,1.56,32.7,$1.39 ,3845630030824.0,104.0,70.2,3.1,Berlin,80.9,7.0,$9.99 ,German,12.5,4.25,83132799.0,60.8,11.5,48.8,3.04,64324835.0,51.165691,10.451526,232.85063385449635,77.37600053620233,46258.8782897109
Ghana,137,GH,69.0,238533.0,"16,000",29.41,233.0,Accra,16670.0,268.36,7.2,GHS,3.87,41.2,$0.92 ,66983634224.0,104.8,15.7,34.9,Accra,63.8,308.0,$0.27 ,English,36.1,0.14,30792608.0,67.8,12.6,55.4,4.33,17249054.0,7.946527,-1.023194,129.09160577362462,56.01686612579226,2175.3153946557563
Greece,81,GR,47.6,131957.0,"146,000",8.1,30.0,Athens,62434.0,101.87,0.2,EUR,1.35,31.7,$1.54 ,209852761469.0,99.6,136.6,3.6,Macedonia,81.3,3.0,$4.46 ,Greek,35.5,5.48,10716322.0,51.8,26.2,51.9,17.24,8507474.0,39.074208,21.824312,81.21071258061338,79.38800271212455,19582.53601086268
Grenada,331,GD,23.5,349.0,,16.47,1.0,"St. George's, Grenada",268.0,107.43,0.8,XCD,2.06,50.0,$1.12 ,1228170370.0,106.9,104.6,13.7,"St. George's, Grenada",72.4,25.0,,English,57.0,1.41,112003.0,,19.4,47.8,,40765.0,12.1165,-61.679,320.92550143266476,36.396346526432325,10965.51315589761
Guatemala,167,GT,36.0,108889.0,"43,000",24.56,502.0,Guatemala City,16777.0,142.92,3.7,GTQ,2.87,32.7,$0.79 ,76710385880.0,101.9,21.8,22.1,Guatemala City,74.1,95.0,$1.60 ,Spanish,55.8,0.35,16604026.0,62.3,10.6,35.2,2.46,8540945.0,15.783471,-90.230759,152.48579746347198,51.43900039665079,4619.987097105244
Guinea,53,GN,59.0,245857.0,"13,000",36.36,224.0,Conakry,2996.0,262.95,9.5,GNF,4.7,25.8,$0.90 ,13590281809.0,91.5,11.6,64.9,Kankan,61.2,576.0,,French,54.5,0.08,12771246.0,61.5,10.8,69.3,4.3,4661505.0,9.945587,-9.696645,51.94583029972708,36.50000164431881,1064.1312373906196
Guinea-Bissau,70,GW,58.0,36125.0,"4,000",35.13,245.0,Bissau,293.0,111.65,1.4,XOF,4.48,69.8,,1340389411.0,118.7,2.6,54.0,Bissau,58.0,667.0,$0.16 ,Portuguese,37.2,0.13,1920922.0,72.0,10.3,45.5,2.47,840922.0,11.803749,-15.180413,53.17431141868512,43.776998753723475,697.7844030106376
Guyana,4,GY,8.6,214969.0,"3,000",19.97,592.0,"Georgetown, Guyana",2384.0,116.19,2.1,GYD,2.46,83.9,$0.90 ,4280443645.0,97.8,11.6,25.1,"Georgetown, Guyana",69.8,169.0,$0.98 ,English,40.5,0.8,782766.0,56.2,,30.6,11.85,208912.0,4.860416,-58.93018,3.6412971172587674,26.68894663283791,5468.356628928696
Haiti,414,HT,66.8,27750.0,0,24.35,509.0,Port-au-Prince,2978.0,179.29,12.5,HTG,2.94,3.5,$0.81 ,8498981821.0,113.6,1.1,49.5,Port-au-Prince,63.7,480.0,$0.25 ,French,36.3,0.23,11263077.0,67.2,,42.7,13.78,6328948.0,18.971187,-72.285215,405.87664864864865,56.191997977106965,754.5879177599514
Vatican City,"2,003",,,0.0,,,379.0,Vatican City,,,,EUR,,,,,,,,,,,,Italian,,,836.0,,,,,,41.902916,12.453389,inf,,
Honduras,89,HN,28.9,112090.0,"23,000",21.6,504.0,Tegucigalpa,9813.0,150.34,4.4,HNL,2.46,40.0,$0.98 ,25095395475.0,91.5,26.2,15.1,Tegucigalpa,75.1,65.0,$1.01 ,Spanish,49.1,0.31,9746117.0,68.8,17.3,39.1,5.39,5626433.0,15.199999,-86.241905,86.94903202783478,57.72999646936313,2574.912190670397
Hungary,107,HU,58.4,93028.0,"40,000",9.6,36.0,Budapest,45537.0,121.64,3.3,HUF,1.54,22.9,$1.18 ,160967157504.0,100.8,48.5,3.6,Budapest,75.8,12.0,$2.62 ,Hungarian,29.0,3.41,9769949.0,56.5,23.0,37.9,3.4,6999582.0,47.162494,19.503304,105.02159564862193,71.643997322811,16475.741838979917
Iceland,3,IS,18.7,103000.0,0,12.0,354.0,Reykjav��,2065.0,129.0,3.0,ISK,1.71,0.5,$1.69 ,24188035739.0,100.4,71.8,1.5,Reykjav��,82.7,4.0,,Icelandic,17.0,4.08,361313.0,75.0,23.3,31.9,2.84,339110.0,64.963051,-19.020835,3.507893203883495,93.85491249968864,66944.82550863102
India,464,IN,60.4,3287263.0,"3,031,000",17.86,91.0,New Delhi,2407672.0,180.44,7.7,INR,2.22,23.8,$0.97 ,2611000000000.0,113.0,28.1,29.9,Kurebhar,69.4,145.0,$0.30 ,Hindi,65.1,0.86,1366417754.0,49.3,11.2,49.7,5.36,471031528.0,20.593684,78.96288,415.670347641792,34.47199998837252,1910.8358277376421
Indonesia,151,ID,31.5,1904569.0,"676,000",18.07,62.0,Jakarta,563325.0,151.18,3.0,IDR,2.31,49.9,$0.63 ,1119190780753.0,106.4,36.3,21.1,Kalimantan,71.5,177.0,$0.48 ,Indonesian,48.3,0.43,270203917.0,67.5,10.2,30.1,4.69,151509724.0,-0.789275,113.921327,141.87142445351154,56.07236404348646,4142.022784788127
Iran,52,IR,28.2,1648195.0,"563,000",18.78,98.0,Tehran,661710.0,550.93,39.9,IRR,2.14,6.6,$0.40 ,445345282123.0,110.7,68.1,12.4,Tehran,76.5,16.0,$1.58 ,Persian,39.7,1.58,82913906.0,44.7,7.4,44.7,11.38,62509623.0,32.427908,53.688046,50.305883709148496,75.3910001538222,5371.177207873912
Iraq,93,IQ,21.4,438317.0,"209,000",29.08,964.0,Baghdad,190061.0,119.86,0.4,IQD,3.67,1.9,$0.61 ,234094042939.0,108.7,16.2,22.5,Baghdad,70.5,79.0,$1.24 ,Arabic,76.5,0.71,39309783.0,43.0,2.0,30.8,12.82,27783368.0,33.223191,43.679291,89.68345512494382,70.67799890933003,5955.109010370268
Republic of Ireland,72,,64.5,70273.0,"9,000",12.5,353.0,Dublin,37711.0,106.58,0.9,EUR,1.75,11.0,$1.37 ,388698711348.0,100.9,77.8,3.1,Connacht,82.3,5.0,$10.79 ,Irish,15.2,3.31,5007069.0,62.1,18.3,26.1,4.93,3133123.0,53.41291,-8.24389,71.251675607986,62.57399288885374,77629.9889911643
Israel,400,IL,24.6,20770.0,"178,000",20.8,972.0,Jerusalem,65166.0,108.15,0.8,ILS,3.09,7.7,$1.57 ,395098666122.0,104.9,63.4,3.0,Jerusalem,82.8,3.0,$7.58 ,Hebrew,24.4,4.62,9053300.0,64.0,23.1,25.3,3.86,8374393.0,31.046051,34.851612,435.88348579682236,92.50099963549204,43641.39773585323
Italy,206,IT,43.2,301340.0,"347,000",7.3,39.0,Rome,320411.0,110.62,0.6,EUR,1.29,31.8,$1.61 ,2001244392042.0,101.9,61.9,2.6,Rome,82.9,2.0,,Italian,22.8,3.98,60297396.0,49.6,24.3,59.1,9.89,42651966.0,41.87194,12.56738,200.09755093913853,70.73599994268409,33189.56579886136
Jamaica,273,JM,41.0,10991.0,"4,000",16.1,1876.0,"Kingston, Jamaica",8225.0,162.47,3.9,JMD,1.98,30.9,$1.11 ,16458071068.0,91.0,27.1,12.4,"Kingston, Jamaica",74.4,80.0,$1.33 ,Jamaican English,23.7,1.31,2948279.0,66.0,26.8,35.1,8.0,1650594.0,18.109581,-77.297508,268.2448366845601,55.98500006274847,5582.263777613991
Japan,347,JP,12.3,377944.0,"261,000",7.4,81.0,Tokyo,1135886.0,105.48,0.5,,1.42,68.5,$1.06 ,5081769542380.0,98.8,63.2,1.8,Tokyo,84.2,5.0,$6.77 ,,13.1,2.41,126226568.0,61.7,11.9,46.7,2.29,115782416.0,36.204824,138.252924,333.9821984209301,91.72586867766222,40259.112030836484
Jordan,115,JO,12.0,89342.0,"116,000",21.98,962.0,Amman,25108.0,125.6,0.8,JOD,2.76,1.1,$1.10 ,43743661972.0,81.5,34.4,13.9,Amman,74.4,46.0,$1.49 ,Arabic,25.1,2.32,10101694.0,39.3,15.1,28.6,14.72,9213048.0,30.585164,36.238414,113.0676949251192,91.2030002096678,4330.329345949303
Kazakhstan,7,KZ,80.4,2724900.0,"71,000",21.77,7.0,Astana,247207.0,182.75,5.2,KZT,2.84,1.2,$0.42 ,180161741180.0,104.4,61.7,8.8,Almaty,73.2,10.0,$0.41 ,Russian,38.8,3.25,18513930.0,68.8,11.7,28.4,4.59,10652915.0,48.019573,66.923684,6.794352086315095,57.53999826076905,9731.14520687936
Kenya,94,KE,48.5,580367.0,"29,000",28.75,254.0,Nairobi,17910.0,180.51,4.7,KES,3.49,7.8,$0.95 ,95503088538.0,103.2,11.5,30.6,Nairobi,66.3,342.0,$0.25 ,Swahili,33.4,0.16,52573973.0,74.7,15.1,37.2,2.64,14461523.0,-0.023559,37.906193,90.58746103758484,27.507000469604986,1816.5469164371505
Kiribati,147,KI,42.0,811.0,,27.89,686.0,South Tarawa,66.0,99.55,0.6,AUD,3.57,15.0,,194647202.0,101.3,,41.2,South Tarawa,68.1,92.0,,English,0.2,0.2,117606.0,,22.0,32.7,,64489.0,1.8368976,-157.3768317,145.01356350184957,54.83478734078193,1655.0788395149907
Kuwait,240,KW,8.4,17818.0,"25,000",13.94,965.0,Kuwait City,98734.0,126.6,1.1,KWD,2.08,0.4,$0.35 ,134761198946.0,92.4,54.4,6.7,Kuwait City,75.4,12.0,$0.95 ,Modern Standard Arabic,14.4,2.58,4207083.0,73.5,1.4,13.0,2.18,4207083.0,29.31166,47.481766,236.1142103490852,100.0,32031.980102603156
Kyrgyzstan,34,KG,55.0,199951.0,"21,000",27.1,996.0,Bishkek,9787.0,155.68,1.1,KGS,3.3,3.3,$0.56 ,8454619608.0,107.6,41.3,16.9,Bishkek,71.4,60.0,$0.09 ,Russian,48.2,1.88,6456900.0,59.8,18.0,29.0,6.33,2362644.0,41.20438,74.766098,32.29241164085201,36.59099567904103,1309.3929916833156
Laos,32,LA,10.3,236800.0,"129,000",23.55,856.0,Vientiane,17763.0,135.87,3.3,LAK,2.67,82.1,$0.93 ,18173839128.0,102.4,15.0,37.6,Vientiane,67.6,185.0,$0.83 ,Lao,45.4,0.37,7169455.0,78.5,12.9,24.1,0.63,2555552.0,19.85627,102.495496,30.276414695945945,35.64499672569254,2534.8982772051713
Latvia,30,LV,31.1,64589.0,"6,000",10.0,371.0,Riga,7004.0,116.86,2.8,EUR,1.6,54.0,$1.16 ,34117202555.0,99.4,88.1,3.3,Riga,74.7,19.0,$2.80 ,Latvian,41.6,3.19,1912789.0,61.4,22.9,38.1,6.52,1304943.0,56.879635,24.603189,29.61477960643453,68.22200462256946,17836.364886560932
Lebanon,667,LB,64.3,10400.0,"80,000",17.55,961.0,Beirut,24796.0,130.02,3.0,LBP,2.09,13.4,$0.74 ,53367042272.0,95.1,26.3,6.4,"Tripoli, Lebanon",78.9,29.0,$2.15 ,Arabic,32.1,2.1,6855713.0,47.0,15.3,32.2,6.23,6084994.0,33.854721,35.862285,659.2031730769231,88.75800372623533,7784.316856904599
Lesotho,71,LS,77.6,30355.0,"2,000",26.81,266.0,Maseru,2512.0,155.86,5.2,,3.14,1.6,$0.70 ,2460072444.0,120.9,10.2,65.7,Maseru,53.7,544.0,$0.41 ,English,16.9,0.07,2125268.0,67.9,31.6,13.6,23.41,607508.0,-29.609988,28.233608,70.0137703837918,28.58500669092086,1157.5351645063117
Liberia,53,LR,28.0,111369.0,"2,000",33.04,231.0,Monrovia,1386.0,223.13,23.6,,4.32,43.1,$0.80 ,3070518100.0,85.1,11.9,53.5,Monrovia,63.7,661.0,$0.17 ,English,19.6,0.04,4937374.0,76.3,12.9,46.2,2.81,2548426.0,6.428055,-9.429499,44.3334680207239,51.61500830198401,621.8929536227153
Libya,4,LY,8.7,1759540.0,0,18.83,218.0,,50564.0,125.71,2.6,LYD,2.24,0.1,$0.11 ,52076250948.0,109.0,60.5,10.2,,72.7,72.0,$1.88 ,Arabic,36.7,2.09,6777452.0,49.7,,32.6,18.56,5448597.0,26.3351,17.228331,3.8518317287472863,80.39300020125557,7683.750611291677
Liechtenstein,238,LI,32.2,160.0,,9.9,423.0,Vaduz,51.0,,,CHF,1.44,43.1,$1.74 ,6552858739.0,104.7,35.6,,Schaan,83.0,,,German,,,38019.0,,,21.6,,5464.0,47.1410392,9.520935,237.61875,14.371761487677215,172357.4722901707
Lithuania,43,LT,47.2,65300.0,"34,000",10.0,370.0,Vilnius,12963.0,118.38,2.3,EUR,1.63,34.8,$1.16 ,54219315600.0,103.9,72.4,3.3,Vilnius,75.7,8.0,$2.41 ,Lithuanian,32.1,6.35,2786844.0,61.6,16.9,42.6,6.35,1891013.0,55.169438,23.881275,42.677549770290966,67.85500013635496,19455.45412660343
Luxembourg,242,LU,53.7,2586.0,"2,000",10.3,352.0,Luxembourg City,8988.0,115.09,1.7,EUR,1.37,35.7,$1.19 ,71104919108.0,102.3,19.2,1.9,Luxembourg City,82.1,5.0,$13.05 ,Luxembourgish,10.6,3.01,645397.0,59.3,26.5,20.4,5.36,565488.0,49.815273,6.129583,249.57347254447023,87.61862853406508,110172.37314087298
Madagascar,48,MG,71.2,587041.0,"22,000",32.66,261.0,Antananarivo,3905.0,184.33,5.6,MGA,4.08,21.4,$1.11 ,14083906357.0,142.5,5.4,38.2,Antananarivo,66.7,335.0,$0.21 ,French,21.7,0.18,26969307.0,86.1,10.2,38.3,1.76,10210849.0,-18.766947,46.869107,45.94109610742691,37.8609988013411,522.219809244635
Malawi,203,MW,61.4,118484.0,"15,000",34.12,265.0,Lilongwe,1298.0,418.34,9.4,MWK,4.21,33.2,$1.15 ,7666704427.0,142.5,0.8,35.3,Lilongwe,63.8,349.0,$0.12 ,English,11.0,0.04,18628747.0,76.7,17.3,34.5,5.65,3199301.0,-13.254308,34.301525,157.22584483980958,17.173999947500494,411.5523404231106
Malaysia,99,MY,26.3,329847.0,"136,000",16.75,60.0,Kuala Lumpur,248289.0,121.46,0.7,MYR,2.0,67.6,$0.45 ,364701517788.0,105.3,45.1,6.7,Johor Bahru,76.0,29.0,$0.93 ,Malaysian language,36.7,1.51,32447385.0,64.3,12.0,38.7,3.32,24475766.0,4.210484,101.975766,98.37101747173689,75.43216810846236,11239.78150436468
Maldives,"1,802",MV,26.3,298.0,"5,000",14.2,960.0,Mal�,1445.0,99.7,0.2,,1.87,3.3,$1.63 ,5729248472.0,97.1,31.2,7.4,Mal�,78.6,53.0,,Divehi,16.4,4.56,530953.0,69.8,19.5,30.2,6.14,213645.0,3.202778,73.22068,1781.721476510067,40.23802483458988,10790.500236367438
Mali,17,ML,33.8,1240192.0,"18,000",41.54,223.0,Bamako,3179.0,108.73,-1.7,XOF,5.88,3.8,$1.12 ,17510141171.0,75.6,4.5,62.0,Bamako,58.9,562.0,$0.23 ,French,46.3,0.13,19658031.0,70.8,11.6,54.5,7.22,8479688.0,17.570692,-3.996166,15.850796489575808,43.13599871726726,890.7372854890706
Malta,"1,380",MT,32.4,316.0,"2,000",9.2,356.0,Valletta,1342.0,113.45,1.6,EUR,1.23,1.1,$1.36 ,14786156563.0,105.0,54.3,6.1,Birkirkara,82.3,6.0,$5.07 ,Maltese,37.1,2.86,502653.0,56.5,26.2,44.0,3.47,475902.0,35.937496,14.375416,1590.6740506329113,94.6780383286283,29416.230606402427
Marshall Islands,329,MH,63.9,181.0,,29.03,692.0,Majuro,143.0,,,USD,4.05,70.2,$1.44 ,221278000.0,84.7,23.7,27.4,Majuro,65.2,,$2.00 ,Marshallese,10.0,0.42,58791.0,,17.8,65.9,,45514.0,7.131474,171.184478,324.8121546961326,77.4166113860965,3763.8073854841728
Mauritania,5,MR,38.5,1030700.0,"21,000",33.69,222.0,Nouakchott,2739.0,135.02,2.3,MRU,4.56,0.2,$1.13 ,7593752450.0,99.9,5.0,51.5,Nouakchott,64.7,766.0,$0.53 ,Arabic,48.2,0.19,4525696.0,45.9,,67.0,9.55,2466821.0,21.00789,-10.940835,4.390895507907247,54.506997376757084,1677.9192526409197
Mauritius,626,MU,42.4,2040.0,"3,000",10.2,230.0,Port Louis,4349.0,129.91,0.4,MUR,1.41,19.0,$1.12 ,14180444557.0,101.1,40.6,13.6,Port Louis,74.4,61.0,$0.38 ,French,50.7,2.53,1265711.0,58.3,19.1,22.2,6.67,515980.0,-20.348404,57.552152,620.446568627451,40.76602004723037,11203.540584699034
Mexico,66,MX,54.6,1964375.0,"336,000",17.6,52.0,Mexico City,486406.0,141.54,3.6,MXN,2.13,33.9,$0.73 ,1258286717125.0,105.8,40.2,11.0,Mexico City,75.0,33.0,$0.49 ,,41.4,2.38,126014024.0,60.7,13.1,55.1,3.42,102626859.0,23.634501,-102.552784,64.14967814190264,81.4408236023,9985.29113811174
Federated States of Micronesia,784,FM,31.4,702.0,,22.82,691.0,Palikir,143.0,112.1,0.5,USD,3.05,91.9,,401932279.0,97.2,14.1,25.6,Palikir,67.8,88.0,,English,2.5,0.18,113815.0,,25.2,60.5,,25963.0,7.425554,150.550812,162.12962962962962,22.811580195931995,3531.452611694416
Moldova,123,MD,74.2,33851.0,"7,000",10.1,373.0,Chi����,5115.0,166.2,4.8,MDL,1.26,12.6,$0.80 ,11955435457.0,90.6,39.8,13.6,Chi����,71.8,19.0,$0.31 ,Romanian,46.2,3.21,2657637.0,43.1,17.7,38.7,5.47,1135502.0,47.411631,28.369885,78.50985199846386,42.72600057870958,4498.520850289186
Monaco,"26,337",MC,,2.0,,5.9,377.0,Monaco City,,,,EUR,,,$2.00 ,7184844193.0,,,2.6,Monaco City,,,$11.72 ,French,6.1,6.56,38964.0,,,,,38964.0,43.7384176,7.4246158,19482.0,100.0,184396.98678267119
Mongolia,2,MN,71.5,1564116.0,"18,000",24.13,976.0,Ulaanbaatar,25368.0,195.76,7.3,MNT,2.9,8.0,$0.72 ,13852850259.0,104.0,65.6,14.0,Ulaanbaatar,69.7,45.0,$0.65 ,Mongolian,39.3,2.86,3225167.0,59.7,16.8,25.7,6.01,2210626.0,46.862496,103.846656,2.0619743036961453,68.5429932775574,4295.235024728952
Montenegro,47,ME,19.0,13812.0,"12,000",11.73,382.0,Podgorica,2017.0,116.32,2.6,EUR,1.75,61.5,$1.16 ,5494736901.0,100.0,56.1,2.3,Podgorica,76.8,6.0,$1.23 ,Montenegrin language,31.8,2.76,622137.0,54.4,,22.2,14.88,417765.0,42.708678,19.37439,45.04322328410078,67.15000072331335,8832.036835938065
Morocco,83,MA,68.5,446550.0,"246,000",18.94,212.0,Rabat,61276.0,111.07,0.2,MAD,2.42,12.6,$0.99 ,118725279596.0,113.9,35.9,19.2,Casablanca,76.5,70.0,$1.60 ,Arabic,53.1,0.73,36910560.0,45.3,21.9,45.8,9.02,22975026.0,31.791702,-7.09262,82.6571716493114,62.245129849018824,3216.5667385160236
Mozambique,40,MZ,63.5,799380.0,"11,000",37.52,258.0,Maputo,7943.0,182.31,2.8,MZN,4.85,48.0,$0.65 ,14934159926.0,112.6,7.3,54.0,Maputo,60.2,289.0,$0.27 ,Portuguese,6.8,0.08,30366036.0,78.1,0.0,36.1,3.24,11092106.0,-18.665695,35.529562,37.986984913307815,36.52800121820313,491.80472307942995
Myanmar,83,MM,19.5,676578.0,"513,000",17.55,95.0,Naypyidaw,25280.0,168.18,8.8,MMK,2.15,43.6,$0.54 ,76085852617.0,112.3,18.8,36.8,Yangon,66.9,250.0,$0.39 ,Burmese,73.9,0.68,54045420.0,61.7,5.4,31.2,1.58,16674093.0,21.916221,95.955974,79.88054592375158,30.85200003996638,1407.8131434078966
Namibia,3,,47.1,824292.0,"16,000",28.64,264.0,Windhoek,4228.0,157.97,3.7,,3.4,8.3,$0.76 ,12366527719.0,124.2,22.9,29.0,Windhoek,63.4,195.0,,English,8.3,0.42,2494530.0,59.5,27.1,20.7,20.27,1273258.0,-22.95764,18.49041,3.026269817006595,51.04199989577195,4957.458005716508
Nauru,541,NR,,21.0,,,674.0,Yaren District,,,,AUD,,,,133000000.0,,,,,,,,English,,,10084.0,,,,,,-0.522778,166.931503,480.1904761904762,,13189.210630702102
Nepal,203,NP,28.7,147181.0,"112,000",19.89,977.0,Kathmandu,9105.0,188.73,5.6,NPR,1.92,25.4,$0.91 ,30641380604.0,142.1,12.4,26.7,Kathmandu,70.5,186.0,$0.36 ,Nepali,60.4,0.75,28608710.0,83.8,20.7,41.8,1.41,5765513.0,28.394857,84.124008,194.37773897446002,20.152998859438263,1071.0507605550897
Netherlands,508,NL,53.3,41543.0,"41,000",9.7,31.0,Amsterdam,170780.0,115.91,2.6,,1.59,11.2,$1.68 ,909070395161.0,104.2,85.0,3.3,Amsterdam,81.8,5.0,$10.29 ,Dutch,12.3,3.61,17332850.0,63.6,23.0,41.2,3.2,15924729.0,52.132633,5.291266,417.2267289314686,91.87599846534182,52447.83143920359
New Zealand,18,NZ,40.5,268838.0,"9,000",11.98,64.0,Wellington,34382.0,114.24,1.6,NZD,1.71,38.6,$1.40 ,206928765544.0,100.0,82.0,4.7,Auckland,81.9,9.0,$11.49 ,English,12.6,3.59,4841000.0,69.9,29.0,34.6,4.07,4258860.0,-40.900557,174.885971,18.007126968657705,87.97479859533154,42745.04555752943
Nicaragua,55,NI,42.1,130370.0,"12,000",20.64,505.0,Managua,5592.0,162.74,5.4,NIO,2.4,25.9,$0.91 ,12520915291.0,120.6,17.4,15.7,Managua,74.3,98.0,$0.54 ,Spanish,36.0,0.98,6545502.0,66.4,15.6,60.6,6.84,3846137.0,12.865416,-85.207229,50.20711820204035,58.76000037888615,1912.903745350624
Niger,19,NE,36.1,1267000.0,"10,000",46.08,227.0,Niamey,2017.0,109.32,-2.5,XOF,6.91,0.9,$0.88 ,12928145120.0,74.7,4.4,48.0,Niamey,62.0,509.0,$0.29 ,French,52.3,0.04,23310715.0,72.0,11.8,47.2,0.47,3850231.0,17.607789,8.081666,18.398354380426202,16.517000872774602,554.6009686961554
Nigeria,226,NG,77.7,923768.0,"215,000",37.91,234.0,Abuja,120369.0,267.51,11.4,NGN,5.39,7.2,$0.46 ,448120428859.0,84.7,10.2,75.7,Lagos,54.3,917.0,$0.54 ,English,72.2,0.38,200963599.0,52.9,1.5,34.8,8.1,102806948.0,9.081999,8.675277,217.54769487576968,51.15699983060116,2229.858696245781
North Korea,214,KP,21.8,120538.0,"1,469,000",13.89,850.0,Pyongyang,28284.0,,,KPW,1.9,40.7,$0.58 ,32100000000.0,112.8,27.0,13.7,Pyongyang,72.1,89.0,,Korean,,3.67,25666161.0,80.4,,,2.74,15947412.0,40.339852,127.510093,212.93003866000763,62.13399814643101,1250.6739905512165
North Macedonia,83,,,25713.0,,,389.0,Skopje,,,,MKD,,,,10220781069.0,,,,Skopje,,,,Macedonian,35.6,,1836713.0,,,,,,41.608635,21.745275,71.43129934274492,,5564.713196345863
Norway,15,NO,2.7,323802.0,"23,000",10.4,47.0,Oslo,41023.0,120.27,2.2,NOK,1.56,33.2,$1.78 ,403336363636.0,100.3,82.0,2.1,Oslo,82.8,2.0,,Norwegian,14.3,2.92,5347896.0,63.8,23.9,36.2,3.35,4418218.0,60.472024,8.468946,16.515944929308652,82.61600449971354,75419.6348687409
Oman,16,OM,4.6,309500.0,"47,000",19.19,968.0,Muscat,63457.0,113.53,0.1,OMR,2.89,0.0,$0.45 ,76983094928.0,103.4,38.0,9.8,Seeb,77.6,19.0,$4.33 ,Arabic,6.4,2.0,5266535.0,72.4,2.5,27.4,2.67,4250777.0,21.4735329,55.975413,17.01626817447496,80.71297352054054,14617.408775978893
Pakistan,287,PK,47.8,796095.0,"936,000",28.25,92.0,Islamabad,201150.0,182.32,10.6,PKR,3.51,1.9,$0.79 ,304400000000.0,94.3,9.0,57.2,Karachi,67.1,140.0,$0.69 ,Urdu,66.5,0.98,216565318.0,52.6,9.2,33.9,4.45,79927762.0,30.375321,69.345116,272.0345159811329,36.90700003959083,1405.5805556086316
Palau,39,PW,10.9,459.0,,14.0,680.0,Ngerulmud,224.0,118.17,1.3,USD,2.21,87.6,,283994900.0,112.6,54.7,16.6,Koror,69.1,,$3.00 ,English,21.8,1.18,18233.0,,21.3,76.6,,14491.0,7.51498,134.58252,39.72331154684096,79.4767728843306,15575.873416333023
Palestinian National Authority,847,,,,,,,,,,,,,,,,,,,,,,,Arabic,,,,,,,,,31.952162,35.233154,,,
Panama,58,PA,30.4,75420.0,"26,000",18.98,507.0,Panama City,10715.0,122.07,-0.4,,2.46,61.9,$0.74 ,66800800000.0,94.4,47.8,13.1,Panama City,78.3,52.0,$1.53 ,Spanish,30.5,1.57,4246439.0,66.6,,37.2,3.9,2890084.0,8.537981,-80.782127,56.30388491116415,68.0590019072451,15731.01603484708
Papua New Guinea,20,PG,2.6,462840.0,"4,000",27.07,675.0,Port Moresby,7536.0,155.99,3.6,PGK,3.56,74.1,$1.36 ,24969611435.0,108.5,1.8,38.0,Port Moresby,64.3,145.0,$1.16 ,Tok Pisin,5.8,0.07,8776109.0,47.2,13.6,37.1,2.46,1162834.0,-6.314993,143.95555,18.96143159623196,13.249994957902187,2845.180185774812
Paraguay,18,PY,55.1,406752.0,"27,000",20.57,595.0,Asunci��,7407.0,143.82,2.8,PYG,2.43,37.7,$1.04 ,38145288940.0,104.4,34.6,17.2,Ciudad del Este,74.1,129.0,$1.55 ,Spanish,36.5,1.35,7044636.0,72.1,10.0,35.0,4.81,4359150.0,-23.442503,-58.443832,17.319241208402172,61.878995593242855,5414.799137954041
Peru,26,PE,18.5,1285216.0,"158,000",17.95,51.0,Lima,57414.0,129.78,2.1,PEN,2.25,57.7,$0.99 ,226848050820.0,106.9,70.7,11.1,Lima,76.5,88.0,$1.28 ,Spanish,30.9,1.27,32510453.0,77.6,14.3,36.8,3.31,25390339.0,-9.189967,-75.015152,25.295711382366854,78.09900095824564,6977.695783568442
Philippines,368,PH,41.7,300000.0,"153,000",20.55,63.0,Manila,122287.0,129.61,2.5,PHP,2.58,27.8,$0.86 ,376795508680.0,107.5,35.5,22.5,Manila,71.1,121.0,$1.12 ,English,53.5,0.6,108116615.0,59.6,14.0,43.1,2.15,50975903.0,12.879721,121.774017,360.38871666666665,47.14900017911216,3485.0842183692116
Poland,124,PL,46.9,312685.0,"191,000",10.2,48.0,Warsaw,299037.0,114.11,2.2,PLN,1.46,30.9,$1.07 ,592164400688.0,100.0,67.8,3.8,Warsaw,77.6,2.0,$2.93 ,Polish,23.2,2.38,37970874.0,56.7,17.4,40.8,3.47,22796574.0,51.919438,19.145136,121.43490733485777,60.0370009918655,15595.227033436207
Portugal,111,PT,39.5,92212.0,"52,000",8.5,351.0,Lisbon,48742.0,110.62,0.3,EUR,1.38,34.6,$1.54 ,237686075635.0,106.2,63.9,3.1,Lisbon,81.3,8.0,$3.78 ,Portuguese,27.7,5.12,10269417.0,58.8,22.8,39.8,6.33,6753579.0,39.399872,-8.224454,111.36746844228517,65.76399614505867,23145.04081731222
Qatar,248,QA,5.8,11586.0,"22,000",9.54,974.0,Doha,103259.0,115.38,-0.7,QAR,1.87,0.0,$0.40 ,183466208791.0,103.8,17.9,5.8,Doha,80.1,9.0,,Arabic,6.2,2.49,2832067.0,86.8,14.7,11.3,0.09,2809071.0,25.354826,51.183884,244.43871914379423,99.18801356041365,64781.73319734314
Romania,84,RO,58.8,238391.0,"126,000",9.6,40.0,Bucharest,69259.0,123.78,3.8,RON,1.71,30.1,$1.16 ,250077444017.0,85.2,49.4,6.1,Bucharest,75.4,19.0,$2.25 ,Romanian,21.3,2.98,19356544.0,54.7,14.6,20.0,3.98,10468793.0,45.943161,24.96676,81.19662235570974,54.083998672490296,12919.529644186483
Russia,9,RU,13.3,17098240.0,"1,454,000",11.5,7.0,Moscow,1732027.0,180.75,4.5,RUB,1.57,49.8,$0.59 ,1699876578871.0,102.6,81.9,6.1,Moscow,72.7,17.0,$0.53 ,Russian,36.4,4.01,144373535.0,61.8,11.4,46.2,4.59,107683889.0,61.52401,105.318756,8.44376584958452,74.58700031137978,11774.156384485565
Rwanda,525,RW,73.4,26338.0,"35,000",31.7,250.0,Kigali,1115.0,151.09,3.4,RWF,4.04,19.7,$1.17 ,10122472590.0,133.0,6.7,27.0,Kigali,68.7,248.0,,Swahili,26.0,0.13,12626950.0,83.7,14.3,33.2,1.03,2186104.0,-1.940278,29.873888,479.41946996734754,17.31300116021684,801.6561869651816
Saint Kitts and Nevis,205,KN,23.1,261.0,,12.6,1.0,Basseterre,238.0,104.57,-1.0,XCD,2.11,42.3,,1050992593.0,108.7,86.7,9.8,Basseterre,71.3,,$3.33 ,English,56.6,2.52,52823.0,,18.5,49.7,,16269.0,17.357822,-62.782998,202.38697318007664,30.79908373246503,19896.49571209511
Saint Lucia,301,LC,17.4,616.0,,12.0,1.0,Castries,414.0,110.13,1.9,XCD,1.44,33.2,$1.30 ,2122450630.0,102.6,14.1,14.9,Castries,76.1,117.0,,English,48.4,0.64,182790.0,67.1,18.2,34.7,20.71,34280.0,13.909444,-60.978893,296.737012987013,18.753761146671046,11611.415449422835
Saint Vincent and the Grenadines,284,VC,25.6,389.0,,14.24,1.0,Kingstown,220.0,109.67,2.3,XCD,1.89,69.2,,825385185.0,113.4,23.7,14.8,Calliaqua,72.4,68.0,$1.16 ,English,21.4,0.66,100455.0,65.9,25.4,37.0,18.88,58185.0,12.984305,-61.287228,258.2390745501285,57.92145736897118,8216.466925489025
Samoa,70,WS,12.4,2831.0,,24.38,685.0,Apia,246.0,117.56,1.0,WST,3.88,60.4,$0.91 ,850655017.0,110.5,7.6,13.6,Apia,73.2,43.0,$0.78 ,Samoan,11.5,0.34,202506.0,43.7,25.5,19.3,8.36,35588.0,-13.759029,-172.104629,71.53161427057577,17.573800282460766,4200.641052610787
San Marino,566,SM,16.7,61.0,,6.8,378.0,City of San Marino,,110.63,1.0,EUR,1.26,0.0,,1637931034.0,108.1,42.5,1.7,City of San Marino,85.4,,,Italian,18.3,6.11,33860.0,,18.1,36.2,,32969.0,43.94236,12.457777,555.0819672131148,97.36857649143532,48373.6277023036
S�����������,228,ST,50.7,964.0,"1,000",31.54,239.0,S����,121.0,185.09,7.9,STN,4.32,55.8,,429016605.0,106.8,13.4,24.4,S����,70.2,130.0,,,11.7,0.05,215056.0,57.8,14.6,37.0,13.37,158277.0,,,223.08713692946057,73.59803958038836,1994.9064662227513
Saudi Arabia,16,SA,80.8,2149690.0,"252,000",17.8,966.0,Riyadh,563449.0,118.4,-1.2,SAR,2.32,0.5,$0.24 ,792966838162.0,99.8,68.0,6.0,Riyadh,75.0,17.0,$3.85 ,Arabic,15.0,2.61,34268528.0,55.9,8.9,15.7,5.93,28807838.0,23.885942,45.079162,15.941148723769473,84.06499981557421,23139.798656131363
Senegal,87,SN,46.1,196722.0,"19,000",34.52,221.0,Dakar,10902.0,109.25,1.8,XOF,4.63,42.8,$1.14 ,23578084052.0,81.0,12.8,31.8,Pikine,67.7,315.0,$0.31 ,French,44.2,0.07,16296364.0,45.7,16.3,44.8,6.6,7765706.0,14.497401,-14.452362,82.83956039487195,47.652997932544956,1446.8309649931728
Serbia,100,RS,39.3,77474.0,"32,000",9.2,381.0,Belgrade,45221.0,144.0,1.8,RSD,1.49,31.1,$1.16 ,51409167351.0,100.3,67.2,4.8,Belgrade,75.5,12.0,$1.57 ,Serbian,40.6,3.11,6944975.0,54.9,18.6,36.6,12.69,3907243.0,44.016521,21.005859,89.64265430983298,56.2600009359285,7402.354558655718
Seychelles,214,SC,3.4,455.0,0,17.1,248.0,"Victoria, Seychelles",605.0,129.96,1.8,SCR,2.41,88.4,,1698843063.0,100.4,17.1,12.4,"Victoria, Seychelles",72.8,53.0,$2.00 ,French,2.5,0.95,97625.0,,34.1,30.1,,55762.0,-4.679574,55.491977,214.56043956043956,57.11856594110115,17401.72151600512
Sierra Leone,111,SL,54.7,71740.0,"9,000",33.41,232.0,Freetown,1093.0,234.16,14.8,SLL,4.26,43.1,$1.08 ,3941474311.0,112.8,2.0,78.5,Freetown,54.3,1120.0,$0.57 ,English,38.2,0.03,7813215.0,57.9,8.6,30.7,4.43,3319366.0,8.460555,-11.779889,108.91016169500976,42.48399666462525,504.4625433960284
Singapore,"8,358",SG,0.9,716.0,"81,000",8.8,65.0,,37535.0,114.41,0.6,SGD,1.14,23.1,$1.25 ,372062527489.0,100.6,84.8,2.3,,83.1,8.0,,Malay,36.7,2.29,5703569.0,70.5,13.1,21.0,4.11,5703569.0,1.352083,103.819836,7965.878491620112,100.0,65233.28243929371
Slovakia,114,SK,39.2,49035.0,"16,000",10.6,421.0,Bratislava,32424.0,115.34,2.7,EUR,1.52,40.4,$1.32 ,105422304976.0,98.7,46.6,4.6,Bratislava,77.2,5.0,$3.11 ,Slovak,18.4,3.42,5454073.0,59.5,18.7,49.7,5.56,2930419.0,48.669026,19.699024,111.22816355664321,53.729002160403795,19329.0968008679
Slovenia,103,SI,30.7,20273.0,"7,000",9.4,386.0,Ljubljana,12633.0,111.05,1.6,EUR,1.6,62.0,$1.32 ,53742159517.0,100.4,78.6,1.7,Ljubljana,81.0,7.0,$5.25 ,Slovene language,12.5,3.09,2087946.0,58.4,18.6,31.0,4.2,1144654.0,46.151241,14.995463,102.99146648251369,54.8220116803787,25739.247814359183
Solomon Islands,25,SB,3.9,28896.0,,32.44,677.0,Honiara,169.0,133.06,1.6,SBD,4.4,77.9,,1425074226.0,106.2,,17.1,Honiara,72.8,104.0,$0.40 ,English,3.3,0.19,669823.0,83.8,29.5,32.0,0.58,162164.0,-9.64571,160.156194,23.180474806201552,24.209977859822672,2127.5385079341854
Somalia,25,SO,70.3,637657.0,"20,000",41.75,252.0,Mogadishu,645.0,,,SOS,6.07,10.0,$1.41 ,4720727278.0,23.4,2.5,76.6,Bosaso,57.1,829.0,,Arabic,,0.02,15442905.0,47.4,0.0,,11.35,7034861.0,5.152149,46.199616,24.218200380455322,45.554000364568715,305.689070676793
South Africa,49,ZA,79.8,1219090.0,"80,000",20.51,27.0,Pretoria,476644.0,158.93,4.1,ZAR,2.41,7.6,$0.92 ,351431649241.0,100.9,22.4,28.5,Johannesburg,63.9,119.0,,Afrikaans,7.7,0.91,58558270.0,56.0,27.5,29.2,28.18,39149717.0,-30.559482,22.937506,48.0344109130581,66.85600001502776,6001.400813941395
South Korea,527,KR,17.4,99720.0,"634,000",6.4,82.0,Seoul,620302.0,115.16,0.4,KRW,0.98,63.4,$1.22 ,2029000000000.0,98.1,94.3,2.7,Seoul,82.6,11.0,$6.49 ,Korean,36.8,2.36,51709098.0,63.0,15.6,33.2,4.15,42106719.0,35.907757,127.766922,518.542900120337,81.43000096424038,39238.74286107253
South Sudan,18,SS,,644329.0,"185,000",35.01,211.0,Juba,1727.0,,187.9,SSP,4.7,,$0.28 ,11997800751.0,73.0,,63.7,Juba,57.6,1150.0,,English,61.3,,11062113.0,72.4,,31.4,12.24,2201250.0,6.8769919,31.3069788,17.1684232744452,19.899001212516996,1084.58490263117
Spain,94,ES,52.6,505370.0,"196,000",7.9,34.0,Madrid,244002.0,110.96,0.7,EUR,1.26,36.9,$1.26 ,1394116310769.0,102.7,88.9,2.5,Madrid,83.3,4.0,$5.60 ,Spanish,24.2,3.87,47076781.0,57.5,14.2,47.0,13.96,37927409.0,40.463667,-3.74922,93.15309773037576,80.56500082280476,29613.67113798626
Sri Lanka,341,LK,43.7,65610.0,"317,000",15.83,94.0,Colombo,23362.0,155.53,3.5,LKR,2.2,32.9,$0.88 ,84008783756.0,100.2,19.6,6.4,Colombo,76.8,36.0,$0.35 ,Tamil,38.4,1.0,21803000.0,53.9,11.9,55.2,4.2,4052088.0,7.873054,80.771797,332.31214753848496,18.585002063936155,3853.0836928863
Sudan,25,SD,28.7,1861484.0,"124,000",32.18,249.0,Khartoum,20000.0,,51.0,SDG,4.41,8.1,$0.95 ,18902284476.0,76.8,16.9,42.1,Omdurman,65.1,295.0,$0.41 ,Arabic,63.2,0.26,42813238.0,48.4,8.0,45.4,16.53,14957233.0,12.862807,30.217636,22.999519738015476,34.93600040249233,441.5056033837011
Suriname,4,SR,0.6,163820.0,"2,000",18.54,597.0,Paramaribo,1738.0,294.66,22.0,SRD,2.42,98.3,$1.29 ,3985250737.0,108.8,12.6,16.9,Paramaribo,71.6,120.0,,Dutch,10.1,1.21,581372.0,51.1,19.5,27.9,7.33,384258.0,3.919305,-56.027783,3.54884629471371,66.09503037641991,6854.906560687477
Sweden,25,SE,7.4,450295.0,"30,000",11.4,46.0,Stockholm,43252.0,110.51,1.8,SEK,1.76,68.9,$1.42 ,530832908738.0,126.6,67.0,2.2,S�����,82.5,4.0,,Swedish,15.2,3.98,10285453.0,64.6,27.9,49.1,6.48,9021165.0,60.128161,18.643501,22.84158829211961,87.70799886013772,51610.06605523354
Switzerland,219,CH,38.4,41277.0,"21,000",10.0,41.0,Bern,34477.0,99.55,0.4,CHF,1.52,31.8,$1.45 ,703082435360.0,105.2,59.6,3.7,Z���,83.6,5.0,,German,28.3,4.3,8574832.0,68.3,10.1,28.8,4.58,6332428.0,46.818188,8.227512,207.73874070305496,73.84900368893524,81993.72714940654
Syria,95,SY,75.8,185180.0,"239,000",23.69,963.0,Damascus,28830.0,143.2,36.7,SYP,2.81,2.7,$0.83 ,40405006007.0,81.7,40.1,14.0,Damascus,71.8,31.0,$1.02 ,Arabic,53.7,1.22,17070135.0,44.1,14.2,42.7,8.37,9358019.0,34.802075,38.996815,92.18131007668215,54.821001708539505,2366.999792737433
Tajikistan,68,TJ,34.1,144100.0,"17,000",30.76,992.0,Dushanbe,5310.0,148.57,6.0,TJS,3.59,3.0,$0.71 ,8116626794.0,100.9,31.3,30.4,Dushanbe,70.9,17.0,$0.23 ,Persian,63.1,1.7,9321018.0,42.0,9.8,67.3,11.02,2545477.0,38.861034,71.276093,64.68437196391395,27.309002085394535,870.787589295504
Tanzania,67,TZ,44.8,947300.0,"28,000",36.7,255.0,Dodoma,11973.0,187.43,3.5,TZS,4.89,51.6,$0.87 ,63177068175.0,94.2,4.0,37.6,Dar es Salaam,65.0,524.0,$0.09 ,Swahili,26.1,0.01,58005463.0,83.4,11.5,43.8,1.98,20011885.0,-6.369028,34.888822,61.23241106302122,34.50000045685352,1089.1572087787663
Thailand,137,TH,43.3,513120.0,"455,000",10.34,66.0,Bangkok,283763.0,113.27,0.7,THB,1.53,32.2,$0.71 ,543649976166.0,99.8,49.3,7.8,Bangkok,76.9,37.0,$1.06 ,Thai,11.8,0.81,69625582.0,67.3,14.9,29.5,0.75,35294600.0,15.870032,100.992541,135.69064156532585,50.69199996058919,7808.192916304814
East Timor,89,TL,25.6,14874.0,"2,000",29.42,670.0,Dili,495.0,145.38,2.6,USD,4.02,45.4,$1.10 ,1673540300.0,115.3,17.8,39.3,Dili,69.3,142.0,$0.60 ,Portuguese,10.2,0.72,3500000.0,67.3,25.0,17.3,4.55,400182.0,-8.874217,125.727539,235.3099368024741,11.43377142857143,478.15437142857144
Togo,152,TG,70.2,56785.0,"10,000",33.11,228.0,Lom�,3000.0,113.3,0.7,XOF,4.32,3.1,$0.71 ,5459979417.0,123.8,14.5,47.4,Lom�,60.8,396.0,$0.34 ,French,51.0,0.08,8082366.0,77.6,16.9,48.2,2.04,3414638.0,8.619543,0.824782,142.33276393413755,42.24800015243061,675.5422133815766
Tonga,147,TO,45.8,747.0,,24.3,676.0,Nuku����,128.0,121.09,7.4,TOP,3.56,12.5,,450353314.0,116.3,6.4,13.4,Nuku����,70.8,52.0,,Tongan Language,10.2,0.52,100209.0,59.8,22.3,27.5,1.12,24145.0,-21.178986,-175.198242,134.14859437751005,24.094642197806586,4494.140386592023
Trinidad and Tobago,273,TT,10.5,5128.0,"4,000",12.94,1.0,Port of Spain,43868.0,141.75,1.0,TTD,1.73,46.0,$0.54 ,24100202834.0,106.2,12.0,16.4,Chaguanas,73.4,67.0,$2.25 ,English,37.3,4.17,1394973.0,60.0,19.5,40.5,2.69,741944.0,10.691803,-61.222503,272.030616224649,53.1869792461933,17276.465447001483
Tunisia,76,TN,64.8,163610.0,"48,000",17.56,216.0,Tunis,29937.0,155.33,6.7,TND,2.2,6.8,$0.73 ,38797709924.0,115.4,31.7,14.6,Tunis,76.5,43.0,$0.47 ,Arabic,39.8,1.3,11694719.0,46.1,21.1,60.7,16.02,8099061.0,33.886917,9.537499,71.4792433225353,69.25400259724069,3317.5410135121674
Turkey,110,TR,49.8,783562.0,"512,000",16.03,90.0,Ankara,372725.0,234.44,15.2,TRY,2.07,15.4,$1.42 ,754411708203.0,93.2,23.9,9.1,Istanbul,77.4,17.0,$3.45 ,Turkish,16.9,1.85,83429615.0,52.8,17.9,42.3,13.49,63097818.0,38.963745,35.243322,106.47480990655494,75.63000021035697,9042.492982893424
Turkmenistan,13,TM,72.0,488100.0,"42,000",23.83,993.0,Ashgabat,70630.0,,,TMT,2.79,8.8,$0.29 ,40761142857.0,88.4,8.0,39.3,Ashgabat,68.1,7.0,$0.88 ,Turkmen,71.1,2.22,5942089.0,64.5,,,3.91,3092738.0,38.969719,59.556278,12.173917230075805,52.04799187625766,6859.732807266939
Tuvalu,393,TV,60.0,26.0,,,688.0,Funafuti,11.0,,,AUD,,33.3,,47271463.0,86.0,,20.6,Singapore,,,,Tuvaluan Language,0.7,0.92,11646.0,,,,,7362.0,-7.109535,177.64933,447.9230769230769,63.214837712519326,4059.029967370771
Uganda,229,UG,71.9,241038.0,"46,000",38.14,256.0,Kampala,5680.0,173.87,2.9,UGX,4.96,9.7,$0.94 ,34387229486.0,102.7,4.8,33.8,Buganda,63.0,375.0,$0.01 ,Swahili,40.5,0.17,44269594.0,70.3,11.7,33.7,1.84,10784516.0,1.373333,32.290275,183.6623022096101,24.36100046456265,776.7685758762549
Ukraine,75,UA,71.7,603550.0,"297,000",8.7,380.0,Kyiv,202250.0,281.66,7.9,UAH,1.3,16.7,$0.83 ,153781069118.0,99.0,82.7,7.5,Kyiv,71.6,19.0,$0.84 ,Ukrainian,47.8,2.99,44385155.0,54.2,20.1,45.2,8.88,30835699.0,48.379433,31.16558,73.54014580399304,69.47300060121452,3464.696002931611
United Arab Emirates,118,AE,5.5,83600.0,"63,000",10.33,971.0,Abu Dhabi,206324.0,114.52,-1.9,AED,1.41,4.6,$0.49 ,421142267938.0,108.4,36.8,6.5,Dubai,77.8,3.0,,Arabic,17.8,2.53,9770529.0,82.1,0.1,15.9,2.35,8479744.0,23.424076,53.847818,116.87235645933015,86.78899576471242,43103.32305835232
United Kingdom,281,GB,71.7,243610.0,"148,000",11.0,44.0,London,379025.0,119.62,1.7,GBP,1.68,13.1,$1.46 ,2827113184696.0,101.2,60.0,3.6,London,81.3,7.0,$10.13 ,English,14.8,2.81,66834405.0,62.8,25.5,30.6,3.85,55908316.0,55.378051,-3.435973,274.3500061573827,83.65199929587163,42300.26712583137
United States,36,US,44.4,9833517.0,"1,359,000",11.6,1.0,"Washington, D.C.",5006302.0,117.24,7.5,USD,1.73,33.9,$0.71 ,21427700000000.0,101.8,88.2,5.6,New York City,78.5,19.0,$7.25 ,,11.1,2.61,328239523.0,62.0,9.6,36.6,14.7,270663028.0,37.09024,-95.712891,33.37966701028737,82.45899991756934,65280.6822413034
Uruguay,20,UY,82.6,176215.0,"22,000",13.86,598.0,Montevideo,6766.0,202.92,7.9,UYU,1.97,10.7,$1.50 ,56045912952.0,108.5,63.1,6.4,Montevideo,77.8,17.0,$1.66 ,Spanish,16.2,5.05,3461734.0,64.0,20.1,41.8,8.73,3303394.0,-32.522779,-55.765835,19.644945095479954,95.42599171397917,16190.126957183886
Uzbekistan,79,UZ,62.9,447400.0,"68,000",23.3,998.0,Tashkent,91811.0,,,UZS,2.42,7.5,$1.03 ,57921286440.0,104.2,10.1,19.1,Tashkent,71.6,29.0,$0.24 ,Uzbek,42.7,2.37,33580650.0,65.1,14.8,31.6,5.92,16935729.0,41.377491,64.585262,75.05733124720608,50.43299936123928,1724.8411344032947
Vanuatu,25,VU,15.3,12189.0,,29.6,678.0,Port Vila,147.0,117.13,2.8,VUV,3.78,36.1,$1.31 ,917058851.0,109.3,4.7,22.3,Port Vila,70.3,72.0,$1.56 ,French,8.9,0.17,299882.0,69.9,17.8,8.5,4.39,76152.0,-15.376706,166.959158,24.602674542620395,25.39398830206548,3058.065675832494
Venezuela,32,VE,24.5,912050.0,"343,000",17.88,58.0,Caracas,164175.0,,254.9,VED,2.27,52.7,$0.00 ,482359318768.0,97.2,79.3,21.4,Caracas,72.1,125.0,$0.01 ,Spanish,45.8,1.92,28515829.0,59.7,,73.3,8.8,25162368.0,6.42375,-66.58973,31.265642234526617,88.2400017197466,16915.49345340793
Vietnam,314,VN,39.3,331210.0,"522,000",16.75,84.0,Hanoi,192668.0,163.52,2.8,VND,2.05,48.1,$0.80 ,261921244843.0,110.6,28.5,16.5,Ho Chi Minh City,75.3,43.0,$0.73 ,Vietnamese,43.5,0.82,96462106.0,77.4,19.1,37.6,2.01,35332140.0,14.058324,108.277199,291.2415265239576,36.6279998075099,2715.276036405425
Yemen,56,YE,44.6,527968.0,"40,000",30.45,967.0,Sanaa,10609.0,157.58,8.1,YER,3.79,1.0,$0.92 ,26914402224.0,93.6,10.2,42.9,Sanaa,66.1,164.0,,Arabic,81.0,0.31,29161922.0,38.0,,26.6,12.91,10869523.0,15.552727,48.516388,55.2342604097218,37.27299935854708,922.9296417430922
Zambia,25,ZM,32.1,752618.0,"16,000",36.19,260.0,Lusaka,5141.0,212.31,9.2,ZMW,4.63,65.2,$1.40 ,23064722446.0,98.7,4.1,40.4,Lusaka,63.5,213.0,$0.24 ,English,27.5,1.19,17861030.0,74.6,16.2,15.6,11.43,7871713.0,-13.133897,27.849332,23.73186663088047,44.07199920721258,1291.3433573539712
Zimbabwe,38,ZW,41.9,390757.0,"51,000",30.68,263.0,Harare,10983.0,105.51,0.9,,3.62,35.5,$1.34 ,21440758800.0,109.9,10.0,33.9,Harare,61.2,458.0,,Shona,25.8,0.21,14645468.0,83.1,20.7,31.6,4.95,4717305.0,-19.015438,29.154857,37.47973292864875,32.20999834214926,1463.9859101805419
